at	route	age_sec
2026-09-23T11:49:19Z	/	9
2026-09-23T11:49:20Z	/board	10
2026-09-23T11:49:20Z	/credit	23
2026-09-23T11:49:20Z	/proof	28
2026-09-23T11:49:20Z	/methodology	10
2026-09-23T11:49:20Z	/asset/BRK.Bx	10
2026-09-23T11:49:20Z	/asset/HKEXCx	10
2026-09-23T11:52:20Z	/	9
2026-09-23T11:52:21Z	/board	10
2026-09-23T11:52:21Z	/credit	16
2026-09-23T11:52:21Z	/proof	10
2026-09-23T11:52:21Z	/methodology	10
2026-09-23T11:52:21Z	/asset/BRK.Bx	11
2026-09-23T11:52:21Z	/asset/HKEXCx	11
2026-09-23T11:55:21Z	/	31
2026-09-23T11:55:21Z	/board	10
2026-09-23T11:55:21Z	/credit	26
2026-09-23T11:55:22Z	/proof	30
2026-09-23T11:55:22Z	/methodology	32
2026-09-23T11:55:22Z	/asset/BRK.Bx	32
2026-09-23T11:55:22Z	/asset/HKEXCx	32
2026-09-23T11:58:22Z	/	12
2026-09-23T11:58:22Z	/board	12
2026-09-23T11:58:22Z	/credit	12
2026-09-23T11:58:22Z	/proof	11
2026-09-23T11:58:23Z	/methodology	12
2026-09-23T11:58:23Z	/asset/BRK.Bx	13
2026-09-23T11:58:23Z	/asset/HKEXCx	13
2026-09-23T12:01:23Z	/	22
2026-09-23T12:01:23Z	/board	3
2026-09-23T12:01:23Z	/credit	14
2026-09-23T12:01:23Z	/proof	2
2026-09-23T12:01:23Z	/methodology	22
2026-09-23T12:01:23Z	/asset/BRK.Bx	22
2026-09-23T12:01:24Z	/asset/HKEXCx	3
2026-09-23T12:04:24Z	/	23
2026-09-23T12:04:24Z	/board	3
2026-09-23T12:04:24Z	/credit	10
2026-09-23T12:04:24Z	/proof	33
2026-09-23T12:04:24Z	/methodology	23
2026-09-23T12:04:25Z	/asset/BRK.Bx	23
2026-09-23T12:04:25Z	/asset/HKEXCx	24
2026-09-23T12:07:25Z	/	4
2026-09-23T12:07:25Z	/board	4
2026-09-23T12:07:25Z	/credit	19
2026-09-23T12:07:25Z	/proof	12
2026-09-23T12:07:25Z	/methodology	25
2026-09-23T12:07:25Z	/asset/BRK.Bx	25
2026-09-23T12:07:26Z	/asset/HKEXCx	4
2026-09-23T12:10:26Z	/	25
2026-09-23T12:10:26Z	/board	25
2026-09-23T12:10:26Z	/credit	16
2026-09-23T12:10:26Z	/proof	15
2026-09-23T12:10:26Z	/methodology	5
2026-09-23T12:10:27Z	/asset/BRK.Bx	25
2026-09-23T12:10:27Z	/asset/HKEXCx	26
2026-09-23T12:13:27Z	/	26
2026-09-23T12:13:27Z	/board	26
2026-09-23T12:13:27Z	/credit	12
2026-09-23T12:13:27Z	/proof	37
2026-09-23T12:13:27Z	/methodology	6
2026-09-23T12:13:27Z	/asset/BRK.Bx	26
2026-09-23T12:13:28Z	/asset/HKEXCx	6
2026-09-23T12:16:28Z	/	26
2026-09-23T12:16:28Z	/board	26
2026-09-23T12:16:28Z	/credit	12
2026-09-23T12:16:28Z	/proof	17
2026-09-23T12:16:28Z	/methodology	7
2026-09-23T12:16:28Z	/asset/BRK.Bx	26
2026-09-23T12:16:29Z	/asset/HKEXCx	7
